text,label
The journey is delightful and emotionally moving.,1
Unwaveringly dismal and hopeless.,0
We can hope that Nolan is ready to start a successful career as a creative commercial filmmaker.,1
"Despite the production's simple settings, the acting, costumes, music, cinematography, and sound are all impressive.",1
The speed is extremely sluggish.,0
"The film takes a serious approach to young women, but still includes humor and imaginative elements.",1
A film that can be boring at times.,0
Completing taxes from the previous year with your former spouse.,0
One can enjoy the film's mix of humor and love without any knowledge of music.,1
"In just 89 minutes, Formula 51 went from being unique to being a complete failure, with most of the time feeling like an eternity.",0
The captivating leads' performances keep the audience engaged and grounded in the film.,1
"It is a waste of talent to have Robert Forster, Anne Meara, Eugene Levy, and Reginald VelJohnson in the same movie and not utilize their abilities.",0
"The movie lacks humor, which is necessary to offset the violence.",0
"We support and sympathize with Clara and Paul, although our feelings may be more akin to pity.",1
Horror enthusiasts will be disappointed with Trouble Every Day as it lacks excitement and comedy.,0
"A stunning Indian musical that skillfully combines music, dance, song, and drama.",1
The emotions are intense and relatable to those who have experienced family trauma.,1
"Audrey Tatou's talent lies in selecting roles that showcase her delightful charm, and in this intelligent French comedy, she exudes the same vivaciousness as she did in Amélie.",1
The movie is a simple monster.,0
"At its peak, it resembles a poor high school rendition of Grease, minus the music.",0
The Iditarod felt like it lasted for days.,0
Holden Caulfield did a superior job.,0
Read My Lips is an original and captivating thriller with unexpected twists.,1
Rarely has a film captured the essence of a person and their profession as closely.,1
"Nicks' humor ranges from unoriginal imitations to vulgar sexual jokes to predictable romantic comedies, indicating uncertainty about what will be amusing to audiences.",0
The emotional connections that supposedly span 125 years are not well supported by the alternating past and present timeline.,0
The unusual delight satirizes the democratic process while also exploring its importance for participants.,1
The movie is generic and lacks originality.,0
I had to avert my gaze because it was terrible.,0
"Roger Dodger is a captivating adaptation of In the Company of Men, thanks to the charming character of Scott and the endearing nephew played by Eisenberg.",1
"""Crossroads"" was intended to evoke both laughter and sadness, but instead it elicits unintentional laughter and boredom.",0
An attractive and charming film with a captivating storyline.,1
"The movie is too self-aware to fully immerse the viewer in its world, but if it manages to make them feel cautious and grateful, it has succeeded.",0
"It lacks self-confidence, humor, and is simply uninterested.",0
A series of absurd action scenes.,0
"The piece's weight, professional production, and intriguing topic make it highly recommended.",1
"Jane Goodall's book ""Wild Chimpanzees"" lacks the excitement that the media expects, despite her focus on friendly monkeys and important environmentalism.",0
"The work is both dreamlike and realistic, with impressive visual skill and occasional imaginative intensity.",1
Piccoli's minimalist movie is emotionally touching after leaving the studio.,1
The cast exudes great energy and a fitting sense of playfulness and excitement.,1
"The documentary goes beyond our expectations of the holy land and its people, uncovering the intricate human nature beneath.",1
"""Elling"" maintains a connection to the harsh reality of the situation, which is its subtle strength.",1
Holm exudes a natural royal charm.,1
The title refers to both the main characters and the lazy individuals behind the camera.,0
It provides only temporary pleasure through superficial and insignificant mental stimulation.,0
The movie is a decadent display of flashy and empty cliches and absurdities.,0
A well-crafted and subtle horror movie.,1
He possesses many of Eastwood's best qualities.,1
The movie is hindered by a predictable storyline and an inexperienced lead actress.,0
"The movie seems like a typical after-school program with added special effects, and the predictable storyline is as dull as staring at a timer for 93 minutes.",0
Anne-Sophie Birot's debut film is a sensitively crafted and superbly acted drama.,1
"Mr. Tsai is an innovative artist, and do you know the time?",1
Sade is a captivating portrayal of the contentious protagonist who strongly rejects religion.,1
"The film lacks a coherent plot, making movies such as xxx and collateral damage appear more insightful.",0
A sincere and emotional story about a family.,1
The story was embellished by a playful filmmaker who did not take it seriously.,0
"""The title 'cold turkey' would have been more suitable.""",0
It is both cruel and ordinary.,0
"The movie lacks depth and only superficially explores its characters, despite having the potential for a captivating character study.",0
"The story is about two outcasts who are powerless on their own, but when they team up, they become extraordinary.",1
"Schaeffer's consistently unsuccessful movies need a theme, and reviving middle-aged characters could be it.",0
The film's raw power appears to originate from the combatants' extensive shared recollections.,1
"Tadpole's approach to this difficult subject is a positive move, combining honesty, politeness, and empathy.",1
Mr. Hartley's slow and dragging movements match the script.,0
"You question why ""enough"" was made into a feature film instead of just a music video.",0
This is the perfect source for crude college humor if you're in need.,1
An entertaining and amusing film that moves quickly.,1
The traditional method of slashing and hacking has returned.,1
Horror movie enthusiasts should avoid this one.,0
"Despite its impressive craftsmanship, Lily Chou-Chou fails to generate a strong emotional impact, despite an excessive number of climactic moments in the third act.",0
"The chamber drama is excellently acted by the veteran Bouquet and the chilling yet human Berling, with finely detailed mood tics and dialogue.",1
High comedy is utilized to create unexpected emotional depth.,1
"This movie is one of the scariest and creepiest in a long time, comparable to Blair Witch and other horror films.",1
A series of recycled visual jokes that rely on tasteless crudeness.,0
One of the most fascinating investigations of isolation this year.,1
The movie does not meet expectations despite its individual components.,0
The son's room is elegantly designed and has emotional moments.,1
"The film is decent and will be enjoyed by those familiar with submarines, but it is not exceptional.",1
"The action film is a disaster, as the filmmakers try to blend James Bond with mindless XXX and disregard 40 years of cinematic history for flashy effects.",0
"Arliss Howard's strong performance is the main attraction of ""Big Bad Love.""",1
Green should keep the ski mask as he may need to rob someone to fund his next project.,0
The world is weak when even thrillers involve group therapy sessions.,0
Leigh deserves credit for casting actors who appear to be from a working-class background.,1
"The band's bravery against government oppression is motivating, particularly for older hippies like myself.",1
"The movie has a powerful effect by concealing thoughts, similar to how ""Quills"" had an impact by displaying them.",1
The movie fails to reach its potential and is more of a disappointment than a rich and indulgent treat.,0
Jaglom allows the audience to eavesdrop on his characters.,1
Fresnadillo's unsettling visuals linger in your mind like a persistent nightmare.,1
"Although the plot is somewhat absurd, it kept me engaged throughout the entire story.",1
"Although it is not consistent, it is excellent when successful.",1
"While not a masterpiece, the film showcases a commendable charitable organization and intriguing individuals.",1
"Although you may not be fond of Roger, you will easily identify him.",0
"Even if Steven Soderbergh's ""Solaris"" is unsuccessful, it is a magnificent failure.",1
"Byler's characters are revealed in an intriguing and fascinating manner, without reducing the situation to mere melodrama.",1
"This captivating WWII tale explores the dark side of American society, specifically the various and unsightly forms of racial discrimination.",0
"The process that created the script is hard to envision, but it's likely that spray cheese and underarm noises were significant factors.",0
Director Sam Mendes avoids a sophomore slump and smoothly transitions from being an Oscar winner to a potential Oscar winner.,1
"Overall, the movie's constant crudeness and dullness outweigh any charm, emotion, or credibility it may have.",0
What is the reason for creating a documentary about these obscure historical figures?,0
"Parker and Donovan are not typical romantic leads, but they add a unique and charming twist to the usual formula.",1
"His previous film was beautifully romantic and memorable, while his current one lacks any redeeming qualities.",0
"Makhmalbaf maintains a distance from the characters, although the painting creates some memorable images.",1
The movie is captivating and the performances are subtle and moving.,1
"The baseball picture depicts a stoic hero, a patient wife, adorable kids, and challenging odds that make the dream of success seem achievable.",1
"Beck uses fast editing and loud heavy metal music, giving the impression that he is filming a System of a Down music video.",0
The likable cast performs well in the movie's straightforward storyline and clear-cut moral values.,1
The director is unable to make either of Val Kilmer's two characters compelling or worthy of concern.,0
"Frequently, the audience's response is not laughter but rather a recoil of disgust.",0
It provides enjoyable escapism by recreating a time and place that is impossible to experience again.,1
"The work lacks originality, wit, and intelligence.",0
"Despite some attractive elements, there is a lack of enjoyment.",0
Laughably incompetent and absurd.,1
The movie is frustrating.,0
"The concept of it lingers in your mind, leaving a lasting impression, and you appreciate it more as you gain clarity on certain aspects.",1
Sam Mendes is now the top student at a school that teaches how to avoid difficult situations.,0
This is one of the most intelligent perspectives on the culture of single people that I have encountered in a while.,1
"The film is emotional, authentic, and has a natural style that makes the characters believable despite the imperfect script.",1
The new person constantly reminds you that there are more enjoyable things you could be doing.,0
It closely resembles following the path of the bicycle thief.,0
"The Japanese film ""Warm Water Under a Red Bridge"" delves into the intriguing relationships among women, water, nature, and sexuality.",1
The movie appears to be about the skill of deceiving people without their awareness of being cheated.,0
The best example of traditional filmmaking.,1
Transforms a formula that could be easily forgotten into something oddly entertaining.,1
"Lawrence energetically performs on stage, showcasing his unique talent that made him famous, through dancing, running, sweating, and wiping his face.",1
The film demonstrates the thrill and gratification of imaginative and stylish fantasy cinema.,1
The suspicion that Ethan Hawke would be a worse director than actor is confirmed.,0
"Ultimately, we gain no understanding of gay love, Chinese culture, or the consequences of deceit, only a fleeting encounter like two ships passing in the night.",0
"Montias injects a great deal of vitality into his finely crafted story and populates it with eccentric, yet non-clichéd, urban personalities.",1
The show offers high-quality amusement with a talented cast portraying intelligent characters in an engaging storyline.,1
The absence of a clear and engaging storyline is a problem.,0
"The clever idea is not as humorous in practice as the original concept of ""Killers from Space.""",0
You and Shaggy appear and sound fantastic.,1
"The story of Tok, a smooth sociopath searching for O, the most renowned Asian assassin, is too unfocused to be effective.",0
"The duration feels endless, akin to witnessing a painful relationship unfold in real life.",0
"The film ""Pumpkin"" attempts to satirize fraternity life, but the writer and co-director's abilities fall short of their ambitious goals in their first feature.",0
This project appears more suitable for a small screen.,0
"Coerced, acquainted, and extremely patronizing.",0
Kuras and Miller are being complimented.,1
This is not the ultimate gangster movie from the depression era.,0
The organization's biased position undermines the worth of its extensive archival footage.,0
Zigzag's character is not well-developed enough to be the basis of a film.,0
"Young women of any size could not receive a better message than ""love thyself.""",1
"The film is well-made, but it prioritizes being responsible over being emotionally impactful.",1
"Although Hill has acquired new skills, they are insufficient to revive this dull boxing movie.",0
The work of Scottish director Ritchie lacks passion.,0
"The manga-inspired protagonist battles her abusers with vigor, providing a gratifying experience that lacks depth and psychological complexity.",1
"Robert Rodriguez, who is talented and clever, may have put too much emotion into his debut film and not enough into his second.",0
The work seems predictable and lacks the rebellious excitement of earlier underground pieces.,0
This slow-paced film explores the unpredictable nature of female friendships and has a French-like feel to it.,1
It is successful in achieving its intended purpose.,1
This is a large and beautiful adventure story that provides entertainment in a grand and straightforward manner.,1
"Despite its repetitions and inconsistencies, this challenging and captivating film conveys more substance than many clearer and more direct films.",1
The film's heavy-handedness makes it almost comical.,0
A thorough analysis of the midlife crisis experienced by men.,1
A terrible date with someone who lacks critical thinking skills and blindly believes in clichéd liberal arts college slogans.,0
"The story goes beyond the typical plot of sex, drugs, and show-tunes to become more complex.",1
Creating a dull film about the most evil person in history requires skill.,0
I became perplexed with the movie's essence as I focused on the characters' peculiarities and visuals.,0
"Similar to Leon, it is both irritating and strangely appealing.",1
The picture is stylish but silly and lacks suspense and depth.,0
Not great.,0
The story's direction and duration are uncertain.,0
"Although preschoolers may enjoy slapstick comedy, it is not worth spending $40 for a family of four to see it in theaters. Instead, it is more practical to rent a high-quality film.",0
Ilya Chaiken directed a powerful photo of a woman.,1
"The release of this fictional film may revive talk about the Kennedy assassination, but it appears better suited for television than for theaters.",0
"Regardless of the amount of drugs consumed or artistic freedom taken by the author, characters must adhere to believable and understandable motivations.",0
The film is not one thing or the other.,0
It is both sweet and satisfyingly wicked.,1
Leigh's movie features remarkable acting throughout.,1
It is also very enjoyable.,1
Leukemia appears unusually harmless and sparkling.,0
I have eagerly anticipated this movie for a long time and am now excited for its sequel.,1
"Despite its intention to be lively and entertaining with upbeat music, the humor failed to captivate the adult audience.",0
"If you appreciate David Mamet's psychological tactics, watch this movie and have a good time!",1
"The characters in the story are touching because they do not seek pity or commemoration, and the story has a dark sense of humor.",1
The content is unoriginal but has been embellished with Latin influence and produced by Hollywood players.,0
"The movie lacks substance and only offers shallow emotions, explicit language, and excessively violent scenes that set a new standard for stylized brutality.",0
The experience was so unbearable that I felt like removing my eyes and throwing them at the screen.,0
The movie's acting is exciting.,1
"Regrettably, it's only enjoyable if you have a liking for terrible films.",0
"When a movie's substance is equivalent to its end credits blooper reel, it is not a good thing.",0
"Although I understand the difficulties faced by these families, the movie fails to effectively communicate the problem.",0
You will enjoy it more if you have lower expectations.,0
"Perry and Hurley try to improve the disorganized script by Scherick and Ronn, but Hudlin and the actors cannot make it consistently enjoyable.",0
This film is a must-watch for fans of David Mamet and those who enjoy sophisticated and stylish filmmaking.,1
Pacino's portrayal of the exhausted Dormer is both physically and existentially draining.,1
De Niro is the genuine center of passion that this Hollywood fabrication revolves around.,1
A young adult entertainment that tries to appear trendy but is actually a hateful and offensive work towards women.,0
"Although the story is ancient, it was unnecessarily prolonged in its delivery.",0
"The film is visually stunning and offers a rare sense of both inner and outer struggle, which is not often found in Hollywood's rushed productions.",1
A celebration of individuality and disregard for consequences.,1
"Morton's facial expressions and body language convey Morvern's inner self, despite the character's lack of emotion.",1
"It is a simple and socially relevant portrayal of everyday life, rather than an exaggerated and energetic portrayal of urban culture.",1
I was concentrating on the characters.,1
This comedy also depicts minor cultural conflicts in modern-day New Delhi.,1
"To begin with, the plot is too thin.",0
"Canadians can create a successful comedy that balances subtle humor and emotions, just like other countries.",1
"If you are unfamiliar with Derrida, you will not gain much knowledge about him after watching the play.",0
The format is most effective in showcasing the impressive feats and occasional accidents of motocross and BMX riders.,1
"Ed Burns should have his directing license revoked, and there should be a license for directing.",0
This is not a paragraph and it does not convey any meaning. Please provide a valid paragraph to paraphrase.,0
The film is emotionally moving despite some dull moments due to the persistent determination of the parents and the self-centered behavior of Jia.,1
This fits well into the category of enjoyable foolishness.,1
A clever and astute movie that adheres to a familiar genre.,1
"Intelligent, thought-provoking, and hilariously witty.",1
"Ultimately, there is no novel takeaway.",0
"While not the absolute worst boxing film, it falls short and disappoints the viewers.",0
Undercover Brother is a clever and humorous spoof that rivals or surpasses the Austin Powers movies.,1
Comparing this to Wilder's Some Like It Hot is an obvious statement.,0
The movie revolves around a dull and melancholic man who remains uninteresting throughout.,0
"Mr. Burns attempts to emulate Martin Scorsese's street-realism style, but his self-centered sentimentality hinders his success.",0
"The movie accurately portrays the politics of the emerging industrialized world, but is too cumbersome and didactic, with scenes that do not fit well.",0
"Living well may be the ultimate revenge, and this film is more like a treasure than a punishment, unlike other adaptations of Dumas' works.",1
Few movies grasp the significance and enjoyment of the physical act through the depth and breadth of emotional intimacy.,1
"If Kim uses too many shocking tactics and fishing metaphors, you may feel that the beautiful image she presents is not worth the cost.",0
"The only things absent are spontaneity, creativity, and joy.",0
"Although the film lacks a clear focus, it compensates with compassion by highlighting the potential for positive change through collective action.",1
"The serious socio-historical-political analysis is presented with sincerity, while the emotional delusion is dismantled with emotional impact.",1
I am disappointed.,0
Bill Paxton's directorial debut is a creepy psychological thriller set in rural America with a spooky premise and a talented cast.,1
"Despite being corny, schmaltzy, and predictable, the movie is still somewhat heartwarming.",1
"Although the plot is predictable, Nine Queens is an enjoyable movie with no real consequences.",1
"Nickelodeon's other animated TV series have been turned into cash-grabbing features, while this one is more creative and ambitious.",1
"However, objectively speaking, it is still quite poor.",0
"Lathan and Diggs, the main actors, are delightful and have a strong connection as both companions and romantic partners.",1
It appears that this film was created using a mad-libs format.,0
The movie Reign of Fire appears to have been made hastily and is most enjoyable when viewed with that in mind.,1
"Sven Wollter and Viveka Seldahl's nuanced performances bring to life the complex and fluctuating emotions of Martin and Barbara, who are both capable of tenderness and anger.",1
Kung Pow is not funnier than bad martial arts movies without Oedekerk's added humor.,0
The star and director are the main issues.,0
Affleck and Jackson make great opponents in sparring.,1
"Regardless of your opinion on rap music, it is impossible to ignore the tragic deaths of two talented young men and the impact of this film.",1
"The depiction of combat and death has not been portrayed with such grandeur since Akira Kurosawa's film ""Ran.""",1
A mediocre attempt that will not improve the franchise significantly.,0
A fish-out-of-water story that is sometimes humorous but lacks overall impact.,0
The conflict between following personal desires and adhering to traditional expectations is expertly examined.,1
The Wild Thornberrys movie provides a cinematic experience despite its 2D animation.,1
The screen adaptation seems to have lost something in translation.,0
The situation seems like a disastrous Monty Python skit.,0
The movie taps into a sorrow that could transport a person through time.,1
"The movie impresses with its well-developed characters, consistent stylishness that complements the story, and Johnny Dankworth's exceptional soundtrack.",1
"The artist is skilled in both his medium and message, allowing him to improvise like a jazz musician.",1
"The enjoyable aspect of ""Two Weddings and a Funeral"" is the chemistry among the women and Anna Chancellor's witty and pessimistic performance.",1
"The movie ""Stealing Harvard"" suggests that the Farrelly brothers and their style of comedy, as well as Tom Green's acting career, are coming to a close.",0
"The screen has depicted a complete world, not just a series of planned events leading to a predictable ending.",1
Huston successfully portrays both the friendly and depressing aspects.,1
This year's movie releases include a smart children's film.,1
The movie attempts to be overly humorous and trendy.,0
Blanchett's performance reaffirms her strength.,1
I can offer you a great deal on Enron stock that will double in value by next Friday if you are interested.,0
The film's efforts to convey a message are too forceful and overwhelming for the audience.,0
"Only a criminal who has committed a truly terrible offense should be forced to watch the movie ""The Master of Disguise.""",0
The amount of money spent did not result in much entertainment.,0
It seems that Taylor spent all his money on acquiring the rights to the soundtrack and had no funds remaining for humor.,0
"""The Time Machine"" movie lacks self-interest.",0
"Uncommon in Iranian cinema, this comedy uses subtle humor to mock the ridiculousness of the main character's situation.",1
"Daphne is muscular, Fred is confident, and Velma has lost weight.",0
"Although it is a small film, it serves as a valuable starting point for director Sprecher.",1
"All the bad ideas from after-school specials are combined in one place, without the polished and sophisticated presentation of daytime programs.",0
David Jacobson's Dahmer is a well-directed and well-acted film that is chilling.,1
"The genre of the story is uncertain, as it could be a mystery/thriller, romance, or comedy.",0
"The phrase ""paid in full"" is outdated and unexciting, with the liveliest representation being a scene featuring clips from the movie Scarface directed by Brian De Palma.",0
The Pinochet case covers both the British court's extradition process and interviews with survivors of the regime.,1
The game is played seriously without much humor.,0
"The movie is foolish, the characters are foolish, and the plot is predictable. Only a foolish person would not see the outcome.",0
Chelsea Walls is a tedious and challenging experience for viewers due to its lack of captivating features.,0
The story is packed with characters and has exciting parts.,1
As inappropriate as its name implies.,1
It's like witnessing a horrifying dream come to life.,0
"The title ""Minority Report"" is a report.",1
"Shiner, featuring Michael Caine as a British boxing promoter seeking fame and fortune, is difficult to enjoy due to the protagonist's unlikable nature.",0
"A crime story that is both entertaining and action-packed, yet also has a personal touch.",1
Chelsea Walls deserves a medal solely for its unwavering and arrogant beliefs.,1
"The movie could encourage young viewers to read Stevenson's book, which is valuable on its own.",1
The stars engage in semi-improvised and semi-coherent raps in a static series.,0
"The movie ""The Bourne Identity"" marks a return to the classic action genre.",1
The relentless and polished wit of the work is so good that it can withstand both inept school productions and Oliver Parker's movie adaptation.,1
The movie fails to accurately portray high-class manners and etiquette.,0
"Apart from the humor in Sir Anthony Hopkins saying ""get in the car, bitch,"" this Jerry Bruckheimer production lacks substance.",1
This artwork is fulfilling for those who are patient and enjoy challenges.,1
Painting in a methodical way using numbered sections.,0
The movie K-19 uses our fear of nuclear war to create artificial suspense in a cost-effective way.,0
Queen is most enjoyable when it is campy and reminiscent of 1960s Vincent Price horror films.,1
"The emotional journey in this movie is greater than Shyamalan's previous two films, and Gibson is the ideal replacement for Willis to guide us through it.",1
"The filmmakers effectively convey the biblical message of forgiveness through high-quality art and a witty, intelligent script, without being preachy or overly sentimental.",1
This paragraph cannot be paraphrased as it is not a coherent statement or idea.,1
This is a hilariously entertaining and unpredictable experience that is easy for anyone to enjoy.,1
"Despite his green mohawk and flame tattoos, Kilmer appears to be posing instead of acting.",0
The narrative and companionship resemble a soap opera rather than a realistic portrayal of enduring friendships.,0
"Amidst a sea of live-action movies that resemble cartoons, it is a relief to witness a cartoon that is aware of its identity and the genre's past.",1
"The movie's soundtrack combines old and new elements, with disco and Bollywood influences that left me feeling uplifted after watching Monsoon Wedding.",1
Jones has a harsh type of charm.,1
Similar works have already explored the depths of pain and emotion that this picture fails to capture.,0
The journey goes from optimism and excitement to truth and disappointment.,1
Sara's service is not very funny.,0
This film reminds me of Hitchcock and gives me hope for the future of popular movies.,1
A highly enjoyable and trendy piece of film entertainment.,1
"The X potion grants Blossom, Bubbles, and Buttercup superhuman abilities such as immense strength and laser vision, but they cannot distinguish weak scripts.",0
"The movie ""The Wild Thornberrys"" is a pleasant and unexpected delight.",1
Provides enjoyable and energetic companionship.,1
