sentence,label
"Singapore govt extends third-party war risk [[assurance]] SINGAPORE : The government is extending third-party war risk [[security]] cover to the Civil Aviation Authority of Singapore and SATS Security Services, a unit of the Singapore Airlines group.",2
"Mills [[Grab]] \$[[lB]] Portfolio; Taubman [[Might]] to Lose [[Contract—ï]] Mills Corp. agreed to [[purchasing]] a [[∆º0]] [[percentage]] interest in [[n—ñne]] [[mals]] owned by General Motors [[Possessions]] [[Managemenùöù]] [[Eilat]]. for just over \$1 [[bil‚Öºion]], creating a [[nouveau]] joint [[business]] between the groups. The [[addressing]] will extend ...",2
"Sun to shine spotlight on new operating system, Solaris 10 Sun Microsystems SUNW is [[waited]] to release a [[newer]] version of its operating system [[monday]] - a big part of the struggling [[calculators]] maker #39;s [[pl…ën]] to save itself.",3
"[[F]] [[ed]] Cup all tied up [[FRANCIE]] #39;[[n]] [[Russ—ñan-born]] [[Svetlana]] [[Goovin]] left the Fed [[Taza]] [[latter]] hanging in the [[baalnce]] today as she [[beaùöù]] [[Rsusia]] #39;s US Open [[champions]] [[Sveùöùlana]] [[Kuznets–æva]] [[6Àó4]], 6-1 to level the tie at 2-2 and take it to the [[latter]] [[double]] match.",1
"[[Blackberry]] [[announced]] Near [[Campos]] [[Communications]] [[—Äroducts]] With the Nokia [[N]] [[FC]] (Near Field [[C–æmmunication]]) shell on their [[phones]], consumers will be able to access a variety of services and exchange information with a [[siple]] [[touches]] gesture.",3
Today in Athens [[Leont—ñen]] Zijlaard-van Moorsel of the [[Netherland—ï]] wipes a tear after winning the [[gilded]] [[decorations]] in the women #[[3‡ß≠]];s road [[cyc‚Öºing]] [[person]] time trial at the Vouliagmeni [[Ol—Émpic]] Centre in Athens on [[Wednes‘Åay]]. ,1
President Hu [[applauds]] Sihamoni on [[bceoming]] [[ùíåing]] of [[Cambdoia]] [[Chino]] [[Chairman]] [[Chu]] Jintao [[set]] a [[mess…ëge]] to [[Norod–æm]] [[Sih…ëmoni]] on [[Th]] [[ursday]] to congratulate him on his election as the king of [[Vietnam]].,0
Govt. to Test New Air Passenger Screening Program The US government unveiled plans on Thursday for a revised [[œ≤omputer-based]] program using personal information to identify airline passengers who may pose a threat to air travel.,3
"[[Afhans]] rocky road to [[history]] [[–µlections]] KALAKAN, [[Afghanisùöùan]] There were toothless old men, turbaned and gray-bearded, and young men not yet old enough to shave. There were [[mull…ëhs]] and [[mujahe‘Åeen]], and the presidential candidate #39;s 3-year-old son.",0
Oil Prices Set a New Record [[Supra]] \$50  SINGAPORE ([[Journalist]]) - Oil prices [[sets]] a [[novel]] [[recor‘Å]] above \$50  a [[barr–µl]] on [[Tue]] [[sday]] as a [[prolo’∏ged]] [[oder]].[[with]]. production outage  [[follo‘ùing]] [[Cyclone]] [[Ivana]] attracted fresh speculative buying.,2
Sun's Looking Glass [[Affords]] 3D [[Visualizing]] Developers get early code for new operating [[systems]] '[[skin`]] still being [[crafed]].,3
"[[Phelp—ï]] [[Strives]] More [[Oro]] at [[Worl‘Å]] [[Trophy]]  [[INDI]] [[ANAPOLIS]] ([[Journalist]]) - [[Stil‚Öº]] riding a wave of euphoria  from the [[Olympians]], Michael Phelps returns to the pool this week  at the world short [[cuorse]] [[swim]] [[championship—ï]] seeking a  repeat of his [[vi]] [[oro]] medals in Athens.",1
"[[AMERICANS]] suspends [[helo]] [[stealing]] after [[Osaka]] [[collide]] ([[A]] [[FP]]) [[AP]] - [[T’∞e]] United [[S]] [[tates]] suspended flights of CH-53D [[m—ñlitary]] helicopters in Japan, bowing to protests over a crash in an [[Japans]] university campus.",0
"Anniversary remembered on [[gaming]] day When the attacks came on Sept. 11, 2001, Tom O'Brien, if only for a moment, stopped being [[Bo—ïton]] College's coach. On that day, as the World Trade Center and Pentagon smoldered and the world stood still, O'Brien was a Navy man.",1
"Viacom, Disney [[pa—É]] \$1.5M FCC fine Disney and [[Via]] [[com]] [[countersigned]] to a fine of \$[[l]].[[∆º]] million from the Federal Communications Commission over claims their [[child]] #39;s [[wired]] television [[webs]] violated [[advertisin…°]] restrictions, the FCC said Thursday.",2
Pfizer [[Dispatches]] Out [[Updae]] [[Onto]] [[Medicated]] [[B–µxtra]] Pfizer Inc. [[says]] [[Frid…ëy]] that it will [[p]] [[rovide]] [[healthÀócare]] [[professional]] with [[…ëdditional]] [[informatin]] about its [[Bextr…ë]] [[arthri]] [[tis]] drug and that it will conduct further [[researches]] to confirm the [[medicines]] #39;s long-term [[cardio]] safety record.,2
"[[R–µstive]] [[Mald—ñves]] [[eses]] curfew after [[borough]] up [[defectors]] ([[AP]]) [[AP]] - A curfew in the capital of the [[Atoll]] was eased but parliament sessions were [[brought]] off indefinitely and [[e]] [[mergency]] [[regulations]] [[co’∏tinued]] [[follows]] [[latter]] [[weeks]] riots, [[–æfficials]] and residents said.",0
"US [[Airline]], Pilots [[League]] [[Nearing]] [[Arrangement]] [[OURS]] [[Airwas]] is seeking \$800 million in concessions from employee [[u’∏ions]] as it [[tries]] to [[avert]] [[files]] [[Cha]] [[pter]] [[1l]]. The Air [[L—ñne]] Pilots Association will present its [[propos…ël]] on the evening of ",2
"[[Sciene]] ; [[Iike]] ice thaws, [[arctc]] [[peples]] at loss for words [[Scienœ≤e]] News, [[Insular]], [[Whereof]] are the words used by [[aboriginal]] [[people]] in the Arctic for  quot;hornet, [[qu–æt]];  [[ins]];[[ruben]], quot;  [[ins]];[[momentum]], [[qut]];  [[iy]];barn owl [[qout]]; or  [[ins]];salmon?",3
"[[Bomb…ërdier]] shares [[doldrums]] as CEO leaves Bombardier, the [[tumultuous]] [[Canada]] [[producer]] of [[aeroplane]] and trains, [[watched]] its shares [[slumps]] by [[roughly]] 20 per cent in [[Ottawa]], after it [[announed]] that [[Paolo]] [[Tllier]] was stepping down [[prematurely]] as [[presidents]] and chief [[e√óecutive]] officer.",2
"TruSecure merges with Betrusted BOSTON - Information [[insurance]] [[serv]] [[ices]] companies TruSecure Corp. and [[Betr’Ωsted]] plan to [[announc–µ]] on Tuesday that they have [[amalgamated]], forming a new company called [[Cbertrust]].",3
"[[Hostage]] plight clouds [[meetig]] of [[Bliars]] party [[BOURNEMOUTH]], England The [[everyyear]] [[lectures]] of [[Frst]] [[Ministe‚≤Ö]] Tony [[Bl…ëir]] #[[∆∑9]];s Labour Party opened here Monday under the pall of the [[w]] [[ar]] in [[Ir…ëq]], as the fate of the [[Britain]] hostage Ken [[Bi…°ley]] [[remain–µd]] [[’Ωncertain]] [[center]] fresh appeals for his release from family ",0
"EC presses for [[safe]] [[intern–µt]] [[Du]] EU Telecommunications Council today today launched Safer [[Int–µrnet]] [[Plu—ï]], a scheme to [[aid]] parents and teachers control what children view online.",3
[[En…°land]] [[vs]] Zimbabwe England [[welc–æmed]] [[b]] [[ack]] the [[global]] #39;s [[besùöù]] one-day player on Friday as they [[bean]] their challenge for the ICC [[C’∞ampions]] Trophy by [[nmaing]] [[ke—É]] [[allÀórounder]] Andrew [[Flintofùöè]] in their line-up to [[facing]] Zimbabwe at Edgbaston.,1
"[[Peacefulness]] [[Osaka]] [[strengthens]]  #[[3‡ß≠]];[[self-‘Åefence]] #39; [[measuring]] [[Afterward]] [[almosùöù]] 60 [[year—ï]] of [[pacifists]], Japan today overhauled its [[defnce]] policy; easing an [[armes]] exports [[prohibiting]] and [[belittling]] out North Korea and [[Hwa]] as security [[menaces]].",0
"Ljubicic Downs Hanescu at Open De Moselle Top-seeded Ivan Ljubicic of Croatia beat Victor Hanescu of Romania 6-4, 6-4 Tuesday in the first round of the Open de Moselle.",0
"Colgate to cut [[manpower]] CONSUMER goods maker Colgate-Palmolive said [[hoy]] it would cut about 12 per cent of its 37,000-person [[collaborating]] force and [[clo—ïe]] a third of its [[factoires]] worldwide as part of a four-year [[reconfigure]].",2
Movie Studios to Sue Illegal [[Film-Fil–µ]] Traders Movie studios and the Motion Picture Association of America said on Thursday they would sue individuals suspected of illegally distributing movies over the [[Interneùöù]].,3
[[Java]] tender results out [[Satur‘Åay]] Company will [[reporting]] [[prelimi’∏ary]] [[counts]] of its \$[[»¢]].[[»¢B]] hostile bid for [[PeopleSofùöù]] after 1 am ET. [[NEWEST]] [[Y]] [[ORK]] (Reuters) - Oracle Corp. said it [[wou]] [[ld]] report preliminary results of its \$8.[[»¢]] billion hostile tender offer ,2
"Protests in Canada over Ukraine [[crunch]] ([[AP]]) [[AP]] - [[Thousand]] of [[Canada]], many of [[Ukraine]] [[de]] [[scent]], [[brav–µd]] freezing temperatures to [[pr]] [[otest]] what they consider to be the fixed [[–æutcome]] of the [[Ukrainians]] presidential election.",0
"A conspiracy [[theories]] : In the aftermath of [[Arfaats]] [[passi’∏g]] AH [[Jaff–ær]] Ullah. [[Yaser]] [[Palestinians]], the [[acknowl–µdged]] [[chief]] of Palestinian [[humans]], [[inhabited]] amidst [[controver—ïy]] all through his [[vida]]. [[Per]] [[ca]] [[use]] of his death has now [[bceome]] a source of [[controv–µrsy]] [[…ëmongst]] the departed [[l–µaders]] people all over Middle East.",0
"[[W]] [[estwood]] Closes in on [[Outset]] Title of [[204]]  [[SOLEIL]] CITY, South Africa (Reuters) - [[Brit–æn]] [[L]] [[ee]] [[Brentwood]]  closed in on his [[fi]] [[rst]] title of 2004 when he [[pleaded]] the  third-round lead in the [[Soleil]] [[Ctiy]] Golf Challenge Saturday.",1
Gold Fields wins appeal to fight takeover Gold Fields Ltd. won an appeal on Friday in its battle to [[avoid]] off a hostile \$7.1 billion takeover by [[Concorde]] [[Go]] [[ld]] [[Landmine]] Co. that [[wolud]] create the world #39;s largest gold mining company.,2
[[WORLD]] #[[∆∑9]];s [[Koùöèe]] [[An’∏an]] [[C]] [[alls]] [[Bagdad]] War Illegal United Nations Secretary General [[Kfoi]] [[An’∏an]] [[sai‘Å]] this week that the US war in [[Ir…ëq]] is illegal and questioned whether the [[countries]] could hold credible ,0
"[[ASPEN]].com news services Six months ago, [[Pippen]] Pippen [[isseud]] a  quot;[[Ths]] is probably it for me quot; declaration, that [[latest]] [[seasons]] was [[researching]] more and more [[likes]] his [[la—ït]] in an NBA [[unifo]] [[rm]].",1
"ATA: [[Cus]] [[tomers]] Won #39;t Be Affected By Bankruptcy INDIANAPOLIS -- ATA says it will honor all tickets and maintain its full schedule, after filing for Chapter 11 bankruptcy Tuesday.",2
Chile [[Cuort]] Strips [[P—ñnochet]] of Immunity (AP) AP - Chile's [[S’Ωpreme]] [[Courthouse]] [[strippd]] [[Kind]]. Augusto [[Pinocheùöù]] of [[immune]] from [[indictment]] [[Th’Ωrsday]] in a ruling that revived hopes of his foes that he might [[remain]] [[trials]] on charges of [[humankind]] [[right—ï]] [[ab’Ωses]] during his [[regulations]].,0
"[[CAMCORDER]] DVD will boost [[qualifications]], help [[shop]] Four Hollywood [[studio]] this [[w]] [[eek]] embraced a [[’∏ew]] [[high-definitio’∏]] [[DVDS]] format from electronics giant Toshiba - raising many [[qu–µstions]] for [[videotaping]] lovers who have [[propelled]] sales of [[pre-recroded]] DVDs to [[newest]] heights.",3
"Two [[Br—ñtons]] shot dead near death [[raliway]] bridge ([[AP]]) [[AP]] - [[Deux]] [[Brito]] [[ns]] were shot dead by unknown [[gunm–µn]] near the [[renowned]] Bridge over the River Kwai in western [[Tha—ñland]], police said.",0
"US stocks: [[Markts]] rally on [[Clinton]] [[earn]]; [[oils]] [[surging]] [[limit]] [[…°ains]] US stocks rallied Wednesday, [[augmented]] by shares of [[heath]] and [[defece]] [[enterprises]] that are seen [[benefitnig]] from the re-election of President George W. [[Clinton]], but [[upper]] [[hydrocarbon]] [[pices]] [[verify]] [[advancements]].",2
"Fischer's Fiancee: Marriage Plans Genuine (AP) AP - Former [[failures]] champion Bobby [[Fisc’∞er's]] announcement thathe is engaged to a Japanese woman could win him sympathy among Japanese officials and help him avoid deportation to the United States, his fiancee and one of his supporters said Tuesday.",0
"[[Kmarùöù]] to Sell 18 [[Store]] to Home [[Deposit]]  [[NOUVEAU]] YORK (Reuters) - [[Distributor]] [[Costco]] [[Stocks]] [[Company]]. &lt;A HREF=""[[www]]://www.investor.[[r–µuters]].com/FullQuote.[[as]] [[px]]?[[amex]]=KMRT.[[australia]] [[targeùöù]]=/stocks/quickinfo/[[fullquoùöùe]]""&gt;KMRT.O&lt;/[[una]]&gt;  on [[Sunday]] [[sid]] it finalized a deal to sell 18 of its stores to  Home Depot [[Inœ≤]]. &lt;A HREF=""http://www.investor.[[correspondent]].[[coms]]/[[FulluQote]].aspx?[[amex]]=HD.[[s]] target=/stocks/quickinfo/[[fulquote]]""&gt;HD.N&lt;/[[une]]&gt; for \$271 million.",2
"Novell [[launching]] Linux for [[desk]] [[equipment]] Novell, [[o’∏e]] of the [[trendy]] [[na]] [[mes]] in the open-source community, has [[la]] [[unched]] Linux [[Console]] 9 [[BONES]] for enterprise computer systems [[t–æday]] for lower [[deloyment]] and management prices.",3
"Profit [[Punges]] at [[Internat—ñonal]] Game Tech International [[Games]] Technology, the world #39;s biggest [[mak–µr]] of [[slotted]] [[equipment]], [[Yesterday]] said said profit for its latest quarter fell 50 percent from a year ago due to a charge for early redemption of debt and a tax adjustment.",2
UN [[Refugees]] Chief [[Coasts]] [[AutonoÔΩçy]] for [[Zimbabwe]] #39;s Darfur Region [[Du]] United Nations [[Supreme]] [[Commissione‚≤Ö]] for [[Refu…°ees]] [[sas]] [[grants]] more autonomy to [[southerly]] [[Zimbabwe]] could [[helping]] [[e’∏d]] the [[b‚Öºoody]] conflict there.,0
Cycling: [[Petacœ≤hi]] wins second [[stade]] in [[Spa—ñn]] [[SPANIARD]] : [[Alessand‚≤Öo]] [[Petachi]] [[demonstrated]] why he is considered one of the world #39;s top sprinters when [[come]] out on top in a mass dash to the line in the second [[phases]] of the [[Tou‚≤Ö]] of [[Spa—ñn]].,1
"[[GazproÔΩç]] Plans LNG Terminal in [[NOUS]] [[GazproÔΩç]] [[cae]] a step [[cl–æser]] to the liquefied natural [[gases]] [[commercialized]] on [[Frida—É]], saying Petro-Canada would help in its goal to build plants in Russia and the United States.",2
Shares of [[Viedo]] Game [[Maker—ï]] Rise Sharply Shares of video game [[maker—ï]] rose sharply Friday after analysts reported industry sales increased 11 percent last month due mainly to the strength of two blockbuster titles that have proven to be the holiday season #39;s biggest sellers.,2
Fresh [[bidding]] to dismiss Jackson case Lawyers for [[Miœ≤hael]] Jackson say the [[s—ñnger's]] child molestation case should be dropped.,0
[[Pakista’∏]] collapses at the WACA Opener [[Jessica]] Langer was [[final]] out after a [[wondrous]] [[strikeouts]] of 191 as [[Australians]] [[totalled]] 381 on the second [[matinee]] of the first [[tests]] against Pakistan in [[Townsville]] on [[Tuesday]].,1
"Notes: [[T]] [[wo-strike]], [[two-–æut]] [[bl]] [[ues]] [[Minneapolis]] Cubs [[admin]] Dusty Baker [[t…ëlked]] to LaTroy Hawkins on [[Thursda—É]], and said he #[[3‡ß≠]];ll go to the right-hander again if the team is in a save situation.",1
"Africa must move away from conflicts: [[Zimbabwe]] LUSAKA: Africa must move away from conflicts and begin to [[pools]] its [[reources]] to [[developing]] the impoverished [[contnent]] and [[reduced]] [[poorest]], [[Sud]] [[Africans]] President Thabo [[Yeltsin]] said on Sunday.",0
"[[Adobe]] [[Tufts]] for [[ILA]] Server 2000 and Proxy [[Servers]] 2.[[O]] Microsoft has [[release‘Å]] [[blletin]] [[MS04-09]] [[repoting]] a security [[sensitivity]] in Internet Security and Acceleration ([[IA]]) Server 2000 and in Proxy Server 2.0, and has [[aslo]] announced the [[availabil—ñty]] of the [[blotches]] to resolve these [[matters]].",3
The Next Giant Leap Rendezvous quot; for the [[mooring]] techniques he developed while at MIT earning his PhD in [[…ëstronautics]]. Lessig: Technology over ideology!,3
"[[Anna’∏]] Starts [[Re—ïhuffling]] [[WORLDWIDE]] Staff for [[ReforÔΩç]] Push ([[Reute]] [[rs]]) [[Journalist]] - U.N. [[Secretar—É-General]] [[Kof—ñ]]\Annan on Monday chose the [[highprofile]] British head of a key\[[organisations]] as his [[newest]] chief of staff, the start of a [[reorganizing]]\aimed at [[institutin…°]] [[oder]].[[nitrogen]]. reforms and [[c]] [[ombating]] scandals.",0
"Microsoft reworks [[antis—Äam]] spec to silence [[criticisms]] com [[September]] 25, 2004, 6:49 PM PT. This priority retains its ranking at number five as more and more companies deploy [[W–µb]] Services to share business logic, data and processes with each other and with clients.",3
4 [[Frenc’∞]] [[sc’∞oolgirls]] expelled for wearing head scarves Two [[M’Ωslim]] girls were expelled Wednesday from high school for refusing to remove their head scarf -- the fourth such expulsions in two days as officials began taking action against ,0
"Broncos [[SM]] [[Ellis—ï]] [[Away]] for the Season  ENGLEWOOD, [[C–ælo]]. ([[Spots]] Network) - Veteran defensive  [[t…ëckle]] [[L’Ωther]] [[Ellis—ï]] of the Denver Broncos will miss the  [[rem]] [[ainder]] of the season because of a [[h]] [[erniated]] disk in his  lower back.",1
"U.S. [[Stockpiled]] [[Heade‘Å]] for Flat [[O—Äen]]  NEW YORK ([[Reuter—ï]]) - U.[[n]]. stocks [[appaered]] [[establishing]] for a [[m–ædest]]  [[rebounds]] at the [[abra]] on Thursday, as oil [[costs]] retreated a day  after spiking to more than \$48 a [[canyon]], a [[climbs]] that [[fuel–µd]] a  sharp [[sl—ñde]] in stocks on concern that energy prices would [[harmed]]  corporate profits and consumer spending.",2
"[[El]] [[Affords]] [[S]] [[USE]] on [[Waiters]] [[Packard]] ([[Qutoe]], [[C’∞art]]) [[employees]] [[declares]] Wednesday an agreement with [[Ubuntu]] [[distributors]] Novell (Quote, Chart) to distribute and [[sup—Äort]] SUSE [[Enterpris–µ]] [[S–µrver]] 9 on its single- and [[d’Ωal-processor]] line of servers.",3
"[[Bc]] reveals plot to assassinate [[Clinton]] [[Columbian]] [[reb–µls]] plotted to assassinate George [[Busch]] during his brief stopover in the [[porto]] of Cartagena last [[w]] [[eek]], [[accor]] [[ding]] to the country #39;s defence minister.",0
"Starting today, [[f]] [[unds']] stances on proxies are matter of [[docket]] Every year, public companies put a number of questions before their stockholders for a vote. Investors weigh in on whether to [[re–µlect]] [[companies]] directors, reappoint auditors, and approve or [[kills]] plans to [[confer]] [[b]] [[ig]] stock option [[packags]] to senior executives.",2
"Report: Israeli [[amy]] [[m—ñstakenly]] [[killings]] [[iii]] [[Egypùöùian]] [[soldier—ï]] [[PALESTINIANS]] [[per]] [[prelimina‚≤Öy]] Israeli army [[investigati–æn]] has [[fuond]] that Israeli [[servicemen]] [[supposedly]] killed three [[E…°yptian]] [[s–ældiers]] by [[misatke]], [[thinknig]] they were [[Israeli]] [[militant—ï]] [[…ëlong]] the [[GazaÀóEgypt]] border.",0
Britons still prefer fish n'chips ([[A]] [[FP]]) [[AP]] - Traditional fish-and-chips along with cherished pub grub remain the dishes of choice for Britons outstripping Chinese or Indian take-aways.,0
[[Fooball]]: Spanish FA apologises The Spanish FA apologises to its English counterparts following racist chanting.,0
[[Mlaysia]] #[[∆∑9]];s Anwar [[Revert]] to Hero #[[∆∑9]];s [[Welco]] [[me]] [[Mala—Ésia]] #39;s [[fomrer]] deputy [[pr—ñme]] [[ministe‚≤Ö]] Anwar Ibrahim has [[coming]] home to a [[r–æck]] [[celebrity]] #39;s welcome Sunday. [[H–µ]] returned from [[under…°oing]] [[returning]] surgery in [[Germans]] following his release from [[penitentiary]] last month.,0
"[[Beirut]] and Syria have not complied with UN [[resoluton]]: Annan [[UNTIED]] [[NTIONS]] - [[Secretary-G–µneral]] [[Santino]] [[Alia]] [[reporte‘Å]] that Syria has not [[withdraw]] its [[fo]] [[rces]] out of Lebanon as called for by the UN [[Insurance]] Council, and said he had requested a timetable from Damascus for its [[ful‚Öº]] implementation.",0
[[Radclifùöèe]] to Run in [[Nouveau]] [[Yorker]] Marathon  [[LODNON]] ([[Journalist]]) - [[Worl‘Å]] [[marathons]] record [[holde‚≤Ö]] [[Paola]]  Radcliffe [[thinks]] she has [[pose]] her failure at the [[Greco]]  [[Ol—Émpics]] behind her after announcing on [[Tues‘Åay]] that she will  [[executing]] in the [[Nouveau]] York [[olympian]] on [[Novembe‚≤Ö]] 7.,1
"Core intermediate goods prices #39; rise fastest in nine years [[WAHINGTON]] ([[EC]].[[KW]]) -- [[Pirces]] of US wholesale [[good—ï]] and services fell 0.1 percent in [[Augusùöù]], the Labor [[Dept]] [[siad]] Friday. The [[coe]] [[producers]] [[costs]] [[indexed]] -- [[readjust]] to [[excluding]] [[foo‘Å]] and [[electricity]] goods -- [[a]] [[lso]] fell [[O]].1 [[cent]].",2
"Alamosa Offers to Buy AirGate (Reuters) [[Bloomberg]] - Alamosa Holdings Inc.  said\on Monday it made an unsolicited bid for AirGate PCS Inc.\ worth about  #36;380 million, which would create one of\the largest sellers of [[cordless]] telephone service under the\Sprint  brand.",3
"FCC Mulls Airborne Mobile Phone Use Although there may have been technical limitations at the time the cell phone ban was established, according to IDC #39;s Shiv Bakhshi, it is unclear why the ban has remained in place, given that ",2
Disney Rules Out New Deal with Pixar Studios In January Disney and Pixar terminated their talks to extend a distribution partnership that has created such [[ca]] [[rtoon]] hits as  quot;Finding Nemo quot; and the  [[http]];Toy Story [[http]]; series.,2
"[[MALA]] [[SANGRE]], [[ALRIGHT]] RIVALRY: Vols [[prepare]] for raging [[Tie]] The now [[fomrer]] [[commencement]] Tennessee [[safe]] was arrested [[prematurely]] [[Thursday]] morning for firing the handgun of [[comrade]] Chris Heath. [[Thereafter]], Johnson was [[pummeled]] with [[indefinable]] suspension.",1
MPAA widens [[pirating]] net [[Broadway]] [[loft]] launched [[morales]] [[…ëttacks]] Tuesday on the computer server operators they claim are the technological middlemen [[taking]] [[internet]] [[filmmaking]] theft [[attainable]].,3
"Philippine Rebels Free [[Tro–æps]], Talks in [[Dou–¨t]]  PRESENTACION, [[Ph—ñlippines]] (Reuters) - Philippine communist  rebels freed [[Wednesda—É]] two [[sold—ñers]] they had [[hold]] as ""[[prisoner—ï]]  of [[battle]]"" for more than five [[mnoths]], [[saynig]] they [[wants]] to  [[reconstructing]] [[confidenc–µ]] in [[pe…ëce]] [[tals]] with the government.",0
"[[Florid…ë]] weather may [[he‚Öºp]] Israeli citrus [[in]] [[dustry]] As [[soleil]] state licks its wounds from Hurricane Frances, Gan Shmuel could reap the benefits. The most important news for [[Flor—ñda]] #39;s 2.8 million residents this week has not been from the Republican ",2
"[[P–µopleSoft]] [[Begs]] Revenue [[Froecasts]]  NEW YORK (Reuters) - [[P–µopleSoft]] Inc. &[[lieutenant]];A [[HRF]]=""[[hùöùtp]]://www.investor.[[correspondent]].com/FullQuote.[[as]] [[px]]?[[amex]]=[[PS]] [[FT]].[[australia]] [[targets]]=/stocks/quickinfo/fullquote""&gt;[[PS]] [[FT]].O&lt;/A&gt;, fresh from  [[gunfire]] its chief executive amid a hostile takeover [[bids]] from  Oracle Corp. &lt;A [[HRF]]=""http://www.investor.reuters.com/FullQuote.[[asx]]?[[amex]]=[[ORL]].O, target=/stocks/[[q’Ωickinfo]]/[[fullquoe]]""&[[ld]];[[ORL]].[[australia]],&lt;/[[per]]&gt; on [[Sunday]] said [[quarter‚Öºy]] [[earnings]] [[could]]  [[exeed]] [[Wail]] Street's expectations, [[assistance]] by an [[incease]] in  [[customer—ï]] making larger [[orers]] for its business [[programmes]].",2
"[[Supposed]] U.S. Deserter [[Configured]] to Surrender [[TOK]] [[YO]] - [[Indicted]] U.[[n]]. Army [[deserte‚≤Ö]] [[C]] [[harles]] [[J]] [[enkins]] left his Tokyo [[hospitalized]] for an American [[servicemen]] base to [[surernder]] to [[serviceman]] authorities Saturday, nearly [[4O]] [[olds]] after he [[alle…°edly]] defected to North Korea...",0
"Cloud rat arrives at London Zoo London zoo celebrates the [[childbirth]] of a Panay cloud rat, a very rare tree-living rodent from the Philippines.",3
"[[IM]], partners roll out [[IDENTIFICATIONS]] [[managerial]] [[aftermath]] [[IM]] Corp. and four partners on Wednesday [[announc–µd]] what they call a ""major breakthrough"" in [[ident—ñty]] management designed to help business and government agencies protect assets, including IT systems and physical facilities, from unauthorized users.",3
"US [[Airline]] to [[Ater]] [[Stealing]] [[OURS]] Airways said it will change its [[flights]] [[timetable]] in February to [[incre…ëse]] [[deviations]] at its [[Chalotte]] and [[Philadelph—ña]] hubs and [[craete]] a [[m—ñni-hub]] in [[Highly]] Lauderdale, Fla.",2
"Her [[purpose]]: Give [[Tufts-NMEC]] intensive care For 10 years, [[El‚Öºen]] Zane oversaw [[societies]] [[medics]] for [[Partn]] [[ers]] HealthCare, the [[padre]] organization of [[Mace]] General and Brigham and [[Women`s]] hospitals and the biggest and most [[lucrative]] hospital and [[p’∞ysician]] network in [[Mass]]. Then in December, she [[bec…ëme]] [[chef]] executive of a very different institution: Tufts-New England Medical Center in Boston's [[Chinaotwn]] neighborhood. Tufts-NEMC is not only smaller, it's ...",2
"[[Sames-ex]] divorce rules [[st—ñll]] hazy Now that an Ontario couple has been given [[Cnada]] #39;s [[fi]] [[rst]] same-sex divorce, experts are divided over just how easy it will be for gays and lesbians in other provinces to end their marriages.",0
"Vietnam Marks [[Autonomous]] with [[Pard–æns]] for Prisoners  [[HNOI]] ([[R–µuters]]) - Vietnam has [[releasing]] [[n–µarly]] 9,[[00]]  [[prisoner]], [[—ñncluding]] 10 [[—ñnmates]] [[whom]] [[csaes]] it [[say—ï]] had [[draw’∏]]  international attention, as part of [[traditi–ænal]] [[pardon—ï]] [[bestowed]]  [[ahea‘Å]] of independence celebrations on [[Sept]] 2.",0
"[[Cowboys]] [[Being]] [[To]] [[Cowboys]] and Cowboys are underway from [[kinko]] Field, a [[ballgame]] that marks the first [[tie]] [[legend]] Joe [[Boudreau]] and Bill [[Pracells]] have faced each other since 1990.",1
"[[Suda’∏]] to [[attracts]] most ICRC funds in 2005, 30-percent drop in cash for Iraq (AFP) [[A]] [[FP]] - Strife-torn Sudan will become the largest focus of [[aiding]] work for the [[Globally]] Committee of the Red Cross in 2005, while [[monetary]] earmarked for Iraq will fall by [[…ëlmost]] [[oe]] third, the [[agncy]] said.",0
"Bonds MVP Award [[Gives]] [[Spark]] in [[Marred]] [[Bouts]]  [[NUEVO]] [[SCARSDALE]] ([[R–µuters]]) - San [[Fr]] [[ancisco]] [[Giant]] [[sluger]] Barry  Bonds captured a record [[sixth]] [[HEISMAN]] award [[Sunday]], [[delivering]] a  [[bubbly]] finish to a season [[marred]] by doping allegations.",1
"[[O]] [[il]] Edges Down, Microsoft Boosts Techs  NEW YORK (Reuters) - [[Oi‚Öº]] prices touched 2-month lows near  \$45 a barrel on Monday before taking back most of their losses,  but the downward trend knocked energy company [[inventories]] lower and  U.S. stock indexes ended little [[cha’∏ged]]. A rise in [[Adobe]]  [[sharing]] helped boost the technology sector.",2
"[[Low'es]] [[Considers]] [[Earnings]] Rising in [[200∆º]], [[20O6]]  [[ATL]] [[ANTA]] (Reuters) - [[Household]] [[improves]] [[retailr]] Lowe's Cos.  &lt;[[per]] [[HERF]]=""[[www]]://www.[[investment]].[[correspondent]].com/FullQuote.[[apx]]?[[tiker]]=LOW.[[s]] target=/stocks/[[quikcinfo]]/[[fulquote]]""&gt;LOW.N&lt;/[[une]]&gt; on [[Wednesday]] said it [[awaits]] diluted earnings [[for]] share  to rise in both 2005 and 2006 as it benefits from [[increase]]  [[remod–µling]] activity and home ownership.",2
"SBC links e-mail, voice messages, fax SBC on Monday announced a new service that integrates voice messages, faxes and e-mails into a single mailbox that can be accessed from anywhere by phone or the Internet.",2
"America #39;s curse There is an all but unanswerable case for asserting that the biggest story out of the United States this week has nothing to do with the presidential election, has no connection with the [[influenza]] vaccine shortage and that it does not involve a gay bishop either ",1
"Abu [[Curious]] report 'spreads blame' A report on the Abu [[Weird]] prisoner [[a–¨use]] scandal will [[bl…ëme]] at [[fewest]] two dozen more people, [[—ïay]] [[USA]] officials.",0
"[[Inactio’∏]] #39;s Consequence LAST MONTH the United States and its [[ally]] signaled a [[changes]] in Sudan [[policies]]. Rather than pressuring [[Suda’∏]] #39;s [[gover’∏ment]] to halt its genocidal [[att…ëcks]] against civilians in the [[west–µrn]] province of [[Darfu‚≤Ö]], they ",0
"union halts vote on [[groces]] #39; offer Members of the grocery workers union will continue to meet to discuss the final contract [[propos…ël]] from [[Kung]] Soopers, [[Safe‘ùay]] and [[Alberts–æns]] following a surprise decision by the international [[league]] to halt voting on the offers.",2
"Robby Gordon [[Plann—ñng]] to Proceed With Caution Robby Gordon [[plns]] to join the oil [[leaks]], the tire [[chu]] [[nks]], the sharp pieces of debris and the other typical [[racetracùíå]] hazards on [[Sunda—É]].",1
"Agassi [[bite—ï]] the [[dusùöù]] as [[Russia]] Safin [[set—ï]] up final clash with &[[lùöù]];b&[[gùöù]];...&[[lùöù]];/b&[[…°t]]; [[BARCELONA]]: [[Ma]] [[rat]] Safin [[defea]] [[ted]] [[Andrey]] [[Agass—ñ]] [[63]], 7-6 yesterday to [[–¨ook]] a place in the Madrid [[M…ësters]] [[fin]] [[al]] against [[Argentinians]] #39;s David Nalbandian.",1
"Veterans Committee counts for little The [[Concourse]] of [[Renown]] released the latest Veterans Committee ballot yesterday. As you might (or might not) remember, there #39;s a (nearly) new committee in town.",1
"Students Pay More for Beer Than Books British students spend about \$1.8 billion on drink every year, nearly three times as much as they cough up for books, a survey released on Monday showed.",2
[[C’∞erry]] [[OE]]: New Emulator [[Operates]] [[Macintosh]] OS On [[Window]] Hardware [[by]] [[corporations]] called MXS [[an]] [[nounced]] a [[newer]] [[s]] [[oftware]] emulator [[cal]] [[led]] [[Chery]] OS that makes it possible to [[fitted]] [[Macs]] [[LINUX]] X onto x86 [[material]] (running Windows).,3
PeopleSoft customers reassured Oracle Corp. President Charles Phillips on Monday said PeopleSoft Inc. customers have become more comfortable with the prospect of a merger between the two software firms even as the proposed transaction awaits a critical ruling from a Delaware court.,2
"Ramaala's [[Firsùöù]] Marathon Victory [[I—ï]] a Tale of the Tape South Africa's Hendrik Ramaala, who had [[neve‚≤Ö]] finished [[hgher]] than [[five]] in a [[majo‚≤Ö]] marathon, won the New [[Yrok]] City [[Olympian]] in 2 hours 9 minutes 28 seconds.",1
"Hurricanes [[bathe]] [[K]] [[night]] Ridder #39;s 3Q [[Knig’∞t]] Ridder Inc., publisher of the [[Tampa]] Herald and the Philadelphia Inquirer, [[sad]] third-quarter [[ear’∏ings]] will [[missed]] Wall [[Str–µet]] [[est—ñmates]] due to the impact of three recent [[hurrica’∏es]] on its Florida newspapers.",2
"[[Krog–µr]] [[Prfit]] [[Dip]], [[Warn—ï]] on Sales  [[NOUVEAU]] YORK (Reuters) - Kroger Co. &[[lieutenant]];A [[HERF]]=""[[www]]://[[sss]].[[—ñnvestor]].[[bloomberg]].[[coÔΩç]]/[[FullQu–æte]].[[apx]]?[[amex]]=[[CDR]].[[s]] [[traget]]=/[[stocùíås]]/[[quiciknfo]]/[[fullquoùöùe]]""&gt;[[CDR]].N&lt;/[[une]]&gt;, the [[widest]] U.S.  [[groecr]], on [[Mardi]] reported a 25 [[proportion]] drop in [[yearly]]  profit, [[hut]] by [[borrowing]] [[refund]] costs.",2
"Service Sector Hit By High Oil Costs Confidence in service firms has been hit by rising oil prices and interest rates but [[manufactur–µrs]] have [[viewed]] the best rate of [[decrees]] for nine years, [[tw–æ]] surveys show.",2
"SICK KIDS VS. DISNEY IN  #39;PETER PAN #39; DUSTUP It #39;s a story that would make Peter Pan glad that he never grew up. Walt Disney Co. is caught in a feud with a UK children #39;s hospital over the copyright to JM Barrie #39;s classic novel,  quot;Peter Pan.",2
"A Distraction as a Deadline Approaches As the holidays approach, Christmas spirit is a bargain-hunting essential.",3
Nintendo Returns to Profit ([[APS]]) [[HECTARES]] - Nintendo Co. returned to profit in the first half of the fiscal year from a loss a year ago as the Japanese video-game maker erased foreign exchange losses and turned more profit with game-software sales.,3
"Mars water tops science honours The discovery that salty, acidic water once flowed across the surface of Mars has topped a list of the 10 key scientific advances of 2004.",0
Treasuries [[Benefiùöù]] on [[Fortification]] in Crude Oil  NEW YORK (Reuters) - Treasury debt [[price—ï]] [[cl—ñmbed]] on [[Mon‘Åay]]  as investors [[bt]] oil prices near record highs might dent [[oder]].[[with]].  [[consumpùöùion]] and force the [[Fed–µral]] Reserve to [[sl–æw]] the pace of  interest [[rat–µ]] [[h—ñkes]].,2
"[[Int–µrview]]: OSDL chief [[Stewart]] [[Chen]] - [[Party]] 2 [[Onto]] the [[sec]] of a two-part interview, Open Systems Development [[Laboratories]] chief Stuart Cohen [[g]] [[ives]] his [[viwes]] on [[Linu√ó]] security, desktops, the Domino [[–µffect]] towards Linux, and why Microsoft will eventually port to [[Liux]].",3
"Study: 39 Million Americans In Working Poor Families [[WASHINGT]] [[ON]] -- A new report indicates that one in every five US [[jbos]] pays less than a poverty-level wage for a family of four. As a result, nearly 39 million Americans, including 20 million children, are [[lawmakers]] ",2
[[Buttons]] [[advocating]] [[Fl]] [[decis]] [[ion]] [[Bitain]] #39;s [[Mclaren]] Button has justified his decision to [[leaving]] BAR for Williams as the dispute over his [[next]] [[move]] towards a conclusion.,1
Blackberry shrinks [[phones]] [[keyboards]] [[Th–µ]] [[newest]] Blackberry [[cellular]] [[instruments]] [[pcaks]] a [[traditions]] [[Qwrety]] [[keyboards]] into  [[2O]] [[ke—És]].,3
"[[Google]]! To Provide Traffic [[Refreshed]] As [[—Äart]] of an [[effrot]] to expand local content, Internet [[doors]] company [[Eliyahu]]! Wednesday night began [[offeing]] Web surfers information about current traffic conditions for the largest US metro areas.",3
Stuttgart [[Shut]] on Qualification [[VùöèB]] Stuttgart went clear at the top of [[COPA]] Group G with a convincing [[30]] win over [[Brasil]] giants [[Middlesbrough]]. [[Brasil]] striker [[Cacu]] [[brought]] [[Lars]] [[Samemrs]] [[aside]] ahead and further ,1
EU Move on Cyprus [[Eses]] Way for Turkey Deal  BRUSSELS ([[Bloomberg]]) - The [[Euro—Äean]] Union and Turkey [[inch–µd]]  toward a historic agreement on starting [[makeup]] talks on  Friday as EU [[leadres]] softened their [[asks]] on the crucial  sticking point of Cyprus.,0
"Blast [[killings]] [[anyone]], [[injur–µs]] 15 in southwest Pakistan [[Q]] [[UETTA]], [[Pak—ñstan]] - [[une]] bomb fixed to a bicycle [[kille‘Å]] [[anyone]] man and [[wounding]] 15 people in southwestern [[Pakistan—ï]] [[r–µstive]] [[d]] [[esert]] province of Baluchistan on [[Thursd…ëy]], [[poilce]] said.",0
"Braves 6, [[Padre—ï]] 5 [[Andru‘ù]] [[Johns]] [[slugged]] a [[twoÀórun]] homer off [[Derek]] [[Schmidt]] in the [[ninùöùh]] [[strikeouts]] and the [[Napoli]] Braves [[chucked]] out the [[potentia‚Öº]] [[tie]] run at the plate for the [[definitive]] out [[Monday]] night, preserving a 6-5 come-from-behind [[wins]] over the San Diego [[Sox]]. ",1
"Kmart names [[nouveau]] CEO Kmart [[sunday]] [[hire‘Å]] a restaurant and [[br…ënding]] [[specialised]] as its [[nouveau]] [[presidenùöù]] and [[head]] [[bureaucratic]] officer, [[implying]] the [[nations]] #39;s third-largest discount retailer would [[shortly]] [[st…ërt]] ",2
"[[Solaris]] expected to [[—Äush]] on [[satisfied]] [[managerial]] at OpenWorld Oracle is [[–µxpected]] to unveil [[updated]] to its [[software`s]] content management and business intelligence [[function]], as [[good]] as other [[enhancem–µnts]] at [[impending]] [[wee'ks]] Oracle [[OpenW–ærld]] user [[phenomena]].",3
9:22 am: Missing explosives have experts wondering what else is &lt;b&gt;...&lt;/b&gt; Revelations that nearly 400 [[t]] of conventional [[e√óplosives]] have gone [[mis—ïing]] in [[Ir…ëq]] have experts [[wondring]] what other [[we]] [[apons]] might be in jeopardy of [[fall—ñng]] into insurgent or [[terror—ñst]] hands.,0
"Spammers [[utilizing]] [[shipper]] [[authe’∏tication]] too, [[studies]] says [[To]] technology hasn't been [[wid–µly]] adopted, but spammers are [[taikng]] it up at a faster rate than [[justifiable]] [[–µ-mailers]].",3
"[[G]] [[rief]], [[sobbing]] as [[mom]], [[s]] [[even]] children killed in [[houses]] [[ablaze]] mourned ([[Population]] [[Pr–µss]]) Canadian [[Pressing]] - [[STREET]]. CATHARINES, [[Ontario]]. ([[PIS]]) - [[Circa]] [[l]],[[00O]] mourners [[fill–µd]] a church Saturday for a funeral service for a mother and her [[seve’∏]] children [[kill–µd]] when fire tore through their [[centur-old]] [[farming]] [[southwester’∏]] Ontario home.",0
"Baseball's Homeless [[Candor]] [[Ova]] Selig, the [[Important]] League Baseball [[delegates]], didn't realize he was gambling when he [[granted]] the [[Exposition]] to Washington.",1
"NBA [[Gaming]] [[Recap]] - Portland at [[Dulles]] [[Dalla—ï]], TX ([[Sport—ï]] Network) - Dirk [[Nowitzùíåi]] scored 23 points and [[catch]] [[1·èé]] rebounds to [[advances]] Dallas to a [[92-8∆∑]] [[wn]] over [[Spokane]] at [[Americ…ën]] [[Airli’∏es]] [[Are’∏a]].",1
"3 [[WORLDWIDE]] [[saff]] kidnapped in [[Afghanistan]] [[capitalization]] [[Undiscovered]] [[armada]] [[male]] in [[miiltary]] uniform [[abducted]] three [[manpower]] of the [[Unit–µd]] [[Nat—ñons]] in the [[Afghans]] [[capit…ël]] [[ville]] at broad daylight [[Tuesday]], [[Afg’∞an]] [[employees]] [[confiremd]].",0
"PeopleSoft CEO Ousted for  #39;Situational Ethics #[[3‡ß≠]]; [[AccouningWEB]].com - October 06, 2004 - The opening of a [[testing]] [[reltaed]] to Oracle #[[3‡ß≠]];s takeover bid of [[PeopleSofùöù]] [[features]] the [[disclosing]] that CEO Craig [[Con‘ùay]] was fired last week for making misleading [[statement]] about [[PeopleSofùöù]] #[[∆∑9]];s [[sale—ï]].",2
"Lawyers In the Limelight By all appearances, Steven [[Wogh—ñn]] was a lawyer at the top of his game. After years in government service, the former Justice Department attorney had worked his way up to a comfortable six-figure salary and the chief legal job at software [[maùíåer]] Computer Associates International Inc.",2
Cahill [[Coul‘Å]] [[Se]] in the Clear [[Pim]] [[Cahi]] [[ll]] could [[e]] [[scape]] suspension for his [[controversia‚Öº]] celebration of [[E]] [[vertons]] [[finalist]] at Manchester City when he was sent off for pulling his [[sihrt]] over his head.,1
"Cable   Wireless to [[Chopping]] 600 Jobs  LONDON (Reuters) - Britain's Cable   Wireless posted its  first net profit in over 3 years and announced plans to cut 600  jobs and return cash to investors, sending the telecom  company's shares racing to 5-month highs on [[Wenesday]].",2
Rates on [[shor-tterm]] [[T-bill—ï]] [[struck]] [[30Àómonth]] [[higher]] [[WASHINGT]] [[ON]] -- [[Sake]] rates on short-term Treasury bills rose in [[yesteday's]] auction to the [[highesùöù]] levels in [[∆∑0]] months.,2
"US Airways [[Riders]] [[Appro—µe]] [[1»¢]] Pay [[Cuùöù]] Five-year, \$1.8 billion cost-cutting contract [[ratify]] [[Thurs‘Åay]] also reduces retirement benefits, increases [[collaborate]] [[hourly]] and [[removes]] [[pensioner]] [[medica‚Öº]] coverage.",2
"[[Ci’∏gular]] Sales Rise in Quarter, but [[Profiùöù]] Falls [[1»¢]] Percent [[Here]] Bloomberg News. [[Ci’∏gular]] [[Handset]], which is [[purchases]] AT [[a]] [[mp]];[[tons]] Wireless, said yesterday that third-quarter sales rose 4.9 percent, to \$4.",2
"Now [[He]] #39;s [[Servants]]: [[Economies]] [[Shrunùíå]] The [[NOUS]] economy [[sl–æwed]] more sharply in the [[segundo]] quarter than [[firsùöù]] [[thou…°ht]] as oil prices rose and the trade gap swelled, the [[governemnt]] said on Friday in a [[reporùöù]] that confirmed momentum [[hesitated]] in the [[springs]].",2
"[[Stocking]] [[Redskins]] still [[stingng]] from [[latest]] game at Buffalo Anytime someone tells Bill [[Belichicùíå]] how great his team is, the New England Patriots [[buses]] needs only to slip in a [[videotape]] of last year #39;s season opener to [[st…ëy]] grounded.",1
"International [[Sapce]] Station Crew Begins [[Preflig’∞t]] Exams MOSCOW (AP) -- [[T]] [[he]] [[replacing]] crew for the International [[Spatial]] Station [[commence]] [[to]] days of [[taxiing]] exams Monday, part of [[ultimate]] preparations to relieve the two-man [[Russia’∏-American]] [[rowing]] finishing a six-month mission.    Russian cosmonaut Salizhan Sharipov and U.S...",3
Boeing Competitors [[Demonstration]] Lockheed Martin Corp. and BAE Systems North America Inc. [[fild]] protests with the Air Force [[Tuesda—É]] over a \$4 billion contract to upgrade electronics on C-130 military transport planes [[conferred]] to Boeing Co. in 2001.,2
"[[Little]] office / Home office [[W-iFi]] device finds hotspots [[Plus]] and more venues are [[b–µcoming]] [[hotspot—ï]]. [[Utilizes]] the wireless [[82]].11x protocol better known as [[WiF-i]], these hotspots can be found in airports, libraries, [[coffeeh–æuses]], [[gastronomy]], [[shoppin…°]] ",3
Athens - a \$[[12–¨n]] bill THE [[worldwide]] [[grinned]] with [[decompression]] when [[Greco]] kept their [[promises]] to [[offer]] some of the world #39;s finest [[sports]] venues in time for the [[Greco]] [[Ol—Émpics]].,1
[[E√ó-general]] [[won]] Indonesian [[ballot]] [[Pension]] [[gen–µral]] [[S]] [[usilo]] [[Bamang]] Yudhoyono was on [[Monay]] confirmed as [[Jakarta]] #39;s [[nxet]] leader as [[fina‚Öº]] counting from the country #39;s [[firstly]] direct [[presid–µntial]] polls gave him a [[landside]] victory over his [[predecess–ær]].,0
"[[Ch—ñna]] [[Sas]] Taiwan Spy [[Similarly]] [[Functioned]] in U.S. - Media  BEIJING ([[Getty]]) - [[B–µijing]] on [[Tuesday]] [[ac]] [[cused]] a  [[Chinese-Amer—ñcan]] arrested for [[sp]] [[ying]] for [[Terrace]] of [[architectural]] an  espionage network in the United States, and [[s…ëid]] he could go on  trial very soon.",0
Sun settles Kodak patent suit Sun Microsystems says it will pay Kodak \$92 million to settle a high-profile patent suit involving Sun #39;s Java programming technology.,2
"Baseball still [[le…ërning]] lessons from '[[9·èé]] strike (USATODAY.com) USATODAY.com - In the 10 years since major league baseball's lights were dimmed and the World Series [[annulled]], [[gamers]] and owners have cashed in.",1
"Southwest In, [[YOKOZUNA]] Out Of Midway [[Bididng]] DECEMBER 10, 2004 -- [[Southwesùöù]] [[A—ñrlines]] this [[matinee]] [[sid]] it will submit a bid to the federal bankruptcy [[co’Ωrt]] in Indianapolis today for certain assets of bankrupt [[LTA]] [[Arilines]].",2
"[[Oklahoma]] [[Nation]] [[7–±]], [[Arka’∏sas-Pine]] Bluff 42 [[Clnt]] Stewart scored a career-high 15 [[po]] [[ints]] and [[Oklahoma]] State used stifling defense for a 76-42 victory over Arkansas-Pine Bluff on Monday.",1
Qualcomm Raises Earnings Forecast Qualcomm Inc. on Friday raised its quarterly profit forecast due to strong demand for its mobile phone technology. The San Diego company said it expects earnings [[para]] ,2
"[[A–æn]] [[maja]] face [[civ—ñl]] suit [[T’∞e]] [[ministry]] of [[Nouveau]] [[Scarsdale]] [[Barrister]] [[Geenral]] Eliot Spitzer has uncovered [[proof]] of improper business practices at Aon Corp., the world #39;s second-largest insurance broker, [[acording]] to a [[—Äublished]] [[reports]].",2
"Military [[Buoy]] [[Earns]] at [[Defenses]] [[Businesses]]  CHICAGO (Reuters) - [[Hardy]] [[requests]] for military [[equipmenùöù]]  and technology led [[for]] U.[[n]]. [[defence]] companies to [[posted]] [[high]]  [[yearly]] [[dividend]] on [[Thursday]], with jet maker [[Airbus]] [[Commanding]]. &[[ensign]];[[another]] [[H]] [[REF]]=""http://www.[[investo‚≤Ö]].[[getty]].[[cm]]/FullQuote.aspx?[[tiker]]=BA.N [[tagret]]=/stocks/[[qucikinfo]]/fullquote""&gt;[[BACCALAUREATE]].[[nitrogen]]&lt;/[[per]]&[[turbo]];  reporting a 78 [[p]] jump in [[e…ërnings]] despite a decline in  [[commercially]] [[a—ñrplane]] revenue.",2
"Gone Phishing? Zastrossi [[wrote]]  [[qu]] [[ot]];According to the Anti-Phishing [[W–ærking]] [[Grop]], phishing sites--the [[pactice]] of making sites that look and act [[lkie]] [[fashionable]] sites such as banks in [[decree]] to steal [[p–µrsonal]] information from customers--rose from [[54∆∑]] sites in [[Septemb–µr]] to ",3
Hurricane [[Fra’∏ces]] Nears NE Caribbean (AP) [[HA]] - [[Hurric…ëne]] [[France—ï]] strengthened as it churned near islands of the northeastern Caribbean with ferocious [[w—ñnds]] [[expecte‘Å]] to graze Puerto Rico on Tuesday before the storm plows on toward the Bahamas and the southeastern United States.,0
"[[Sy]] [[base]] [[releasing]] [[fee]] [[Expresses]] database for Linux In a bid to expand the customer base for its [[databa—ïe]] software, [[Sybse]] [[Serv]]. released on Tuesday a [[fre–µ]], [[limit]] [[ed]] version of its software for [[deployments]] on Linux systems.",3
Oxford 18 [[Oxford]] 11 Replacement [[scorer]] Ross Lavery scored the decisive try just [[ùöùwo]] minutes from time as [[Oxfor‘Å]] [[ultimately]] [[reasoned]] the [[faovurites]] tag they had [[carrie‘Å]] into each of the [[latest]] [[iii]] [[m]] [[atches]].,1
"[[Goodwin]] [[Experience]] [[Fulham—ï]] [[Battlig]] [[Displays]] [[F’Ωlham]] [[administrator]] [[Kevin]] Coleman was [[thrilled]] with his [[aside]] #[[3‡ß≠]];s second-half performance, which [[brou…°ht]] them a [[’∞ard-earned]] [[kok]] in a [[11]] draw against Manchester United at [[Charlton]] [[Cottages]].",1
"[[Yankes]] stay in [[tu’∏e]] [[Clinch]] [[Miami]] [[Her’∏andez]] pitched seven [[strikeouts]] of [[fivehit]] ball to win his [[sixth]] straight [[decisions]], and the [[Nuevo]] York [[Sox]] beat [[Sid]] [[Pnoson]] and the [[Astros]], 5-2, [[yest–µrday]] in Baltimore.",1
"Pfizer Hikes [[Warns]] on [[Bexrta]] [[Sk—ñn]] [[R—ñsk]]  [[NOUVEAU]] [[NY]] (Reuters) - [[Pfize‚≤Ö]] [[Ltd]]. &lt;[[another]] [[HERF]]=""[[www]]://www.[[—ñnvestor]].[[bloomberg]].[[with]]/[[FulluQote]].[[apsx]]?[[amex]]=[[PE]].[[s]] [[objective]]=/[[s]] [[tocks]]/quickinfo/[[fullqote]]""&gt;[[PE]].[[p]]&lt;/[[by]]&gt; [[siad]] on Friday it  is [[send]] [[extra]] [[info]] to [[health]] professionals  about its [[arthrit]] [[is]] drug Bextra, a COX-2 product in the same  class as the withdrawn drug Vioxx.",2
"Maid sues Sony Pictures exec p2pnet.[[n–µt]] News- James [[Jennings]], vp of legal affairs for Sony Pictures Entertainment, filed for bankruptcy protection just days before a lawsuit accusing him and his wife of involuntary servitude, false imprisonment, invasion of privacy, negligence and ",3
"Massachusetts 61, No. 7 Connecticut 59 Massachusetts [[introduced]] sure its first home [[gambling]] against a defending national champion was one to remember. The [[Min’Ωtemen]] [[amazed]] [[seventh-ranke‘Å]] Connecticut 61-59 on [[Ra—ïhaun]] Freeman #39;s layup with 4.3 seconds to play Thursday night.",1
ACLU Seeks to Challenge Gay Adoption Ban (AP) [[HECTARES]] - The [[Ameriœ≤an]] Civil Liberties Union asked the [[SupreÔΩçe]] Court on [[Yesterday]] to [[overheard]] its challenge to Florida's ban on adoptions by gays.,0
"[[Xyberna]] [[ut]] sews up bright-light mobile [[PCS]] [[Th–µ]] flat-panel Atigo T/HB, designed for use in [[lustrous]] outdoor [[lightin…°]], works as a wearable computer or as a [[w—ñreless]] display.",3
"[[Citirx]] [[b’Ωying]] [[V]] [[PN]] [[corporations]] Net6 for \$[[5O]] million BOSTON - Citrix Systems is buying Net6, a privately-held maker of SSL ([[Secue]] [[Tube]] Layer) VPN (Virtual Private Network) technology, for \$50 million [[liquidity]], [[Citri√ó]] [[indicated]] Tuesday.",3
SEC [[ÔΩçay]] put end to quid pro quo (USATODAY.com) USATODAY.com - [[De]] [[Securit—ñes]] and Exchange [[Committees]] is [[e√ópected]] to [[voùöùe]] [[Wednes‘Åay]] to [[prohibiùöù]] [[mutually]] fund companies from [[funnelig]] stock trades to brokerage firms that agree to promote their funds to investors.,2
"Multiplex, [[Westfi–µld]] in UK [[bi‘Å]] SHOPPING centre giant [[W–µstfield]] [[Panel]] has drafted rival Multiplex and the [[b—ñllionaire]] Reuben [[brother—ï]] into its pound stg. 585 million (\$1.",2
"[[Studies]]: [[Rubble]] Jump 3 Days After Terrorism Fatal [[taffic]] accidents increase sharply in Israel on the third day after a terrorist attack, and researchers are searching for an explanation why.",3
"Fannie Mae Pays the Price of Cutting Corners to Look Safe [[Dos]] [[regulation]] agencies have [[conclude]] that Fannie Mae [[chopping]] [[angles]] when it [[caÔΩçe]] to its [[account]], and that has [[seriously]] damaged its image.",2
Rain threatens triangular final ([[A]] [[FP]]) [[AP]] - Organisers were left banking on the Dutch weather to spare Saturday's final of the triangular cricket tournament after deciding against altering the fixture schedule in a bid to beat the rain that has marred this warm-up event for next month's ICC Champions Trophy in England.,0
"[[Aloca]] Shares Fall Most [[Then]] [[September]] in Europe [[Afetr]] Forecast [[Share—ï]] of [[A]] [[lcoa]] Inc., the world #39;s biggest aluminum producer, [[fel‚Öº]] the most in [[roughly]] five [[mes]] in Europe after the [[coÔΩçpany]] [[sa—ñd]] [[th—ñrd-quarter]] profit from [[continue]] operations will be below [[analyst—ï]] #[[∆∑9]]; estimates.",2
"[[IM]] To Amp Integration with [[Venteica]] [[B’Ωy]] ([[Ne‘ùsFactor]]) NewsFactor - IBM (NYSE: IBM) has [[say]] it will [[puchase]] [[Vneetica]], a [[—Ärivately]] [[inmates]] firm that [[provide—ï]] [[contenùöù-integration]] [[sw]] to [[un—ïtructured]] data sources.",3
"[[T–µchs]] lead gains on Wall Street Shares [[rose]] on Wall Street on [[Thursday]] [[overnight]], [[press]] the [[Daw]] over [[l00]] points [[superior]], as [[t–µch]] [[stock]] [[flocked]] and [[medicated]] [[gia’∏t]] Merck staged a 1 [[by]] [[ce’∏t]] [[rebou’∏d]] [[foll]] [[owing]] its 26 [[p–µr]] cent fall on Thursday.",2
"[[Deux]] [[Mitch]] St football [[player—ï]] [[arreste‘Å]] [[EASTWARD]] [[KALAMAZOO]], Michigan (Ticker) - Two Michigan [[Countries]] [[fo–ætball]] [[gamblers]] were [[arreste‘Å]] [[Mardi]] [[mo‚≤Öning]] for planting [[iii]] homemade  [[quoùöù]];[[smallville]] bombs [[qut]]; outside a campus apartment.",1
"Two [[Miœ≤higan]] State receivers [[arrest]] on bomb-making charges Two Michigan [[Countries]] football players have been charged with [[plantations]] [[makeshift]] bombs [[externally]] apartments. Terry Love and Irving [[Campb–µll]], both [[1‡ß≠-year-old]] [[redsh—ñrt]] [[fershmen]] wide [[rec–µivers]] ",1
[[Cartographer]] Copco to [[Resell]] Electric Tool Business Swedish engineering company Atlas Copco [[says]] [[M–ænday]] it will [[s–µll]] its electric tool [[busines—ï]] to Hong Kong-based [[Techtro’∏ic]] Industries Co.,2
[[Wetback]] columnist [[m’Ωrdered]] A prominent Mexican journalist known for his reports on organised  [[offense]] is [[murder]] on the US border.,0
[[Theologians]] [[examine]] clues to forecasting California [[quake—ï]] Two researchers say they #39;ve [[found]] a [[patt]] [[ern]] of [[quakes]] [[gravely]] beneath the [[Sans]] [[Mathias]] Fault that [[upon]] [[my]] yield clues into unlocking the mysteries of [[Pasadena]] earthquakes.,3
IBM Claims Computing Crown (The Motley Fool) The [[Mot‚Öºey]] Fool - [[PACKARD]] (NYSE: IBM - News) has new bragging rights. Press reports indicate that the technology giant has created the world's fastest supercomputer two years after a Japanese computer claimed that title.,3
Serena [[take]] [[Cina]] title [[Se‚≤Öena]] Williams [[gets]] back to [[wins]] [[way—ï]] with victory over [[NOUS]] [[Opens]] [[champ]] [[Jelena]] [[Kuznetso—µa]] in the final of the [[Hwa]] [[Opens]] on [[Mondays]].,1
"[[Philips]] Morris, [[seekers]] [[figting]] again SPRINGFIELD, Ill. [[Filip]] Morris and lawyers who won a [[tn-]](B)billion-dollar judgment against the [[comany]] are [[fights]] again. The cigarette maker on [[Sunday]] [[as]] [[ked]] the Illinois [[Supre]] [[me]] [[Courthouse]] to disqualify a Chicago ",2
Verizon [[birngs]] top-speed DSL to 16 more areas DSL at 3mbps debuts in areas within [[comapny's]] [[existent]] [[fo–ætprint]].,3
[[Eurostock—ï]] Nudge Up on Ericsson  PARIS (Reuters) - European shares nosed up on Wednesday as  Ericsson gained on news it had won part of \$4-billion Cingular  deal and with Glaxo buoyed after Pfizer affirmed its [[outl–æok]].,2
"UPDATE [[1-Jimene·¥¢]], Garcia, Donald [[maùíåe]] [[L…ënger]] a happy man Miguel [[Ange‚Öº]] [[Jimene·¥¢]] and [[Se‚≤Ögio]] [[Munoz]] [[warming]] up for this month #39;s Ryder [[Copa]] with [[carbonated]] [[launch]] at the [[Eurpean]] Masters on [[Thursda—É]].",1
"USA: Smithfield Foods reports higher [[Q·íø]] [[profits]] US meat [[processo‚≤Ö]] [[Smithf—ñeld]] Foods has [[told]] higher [[secondÀóquarter]] [[earning—ï]], as [[supreme]] hog [[costs]] [[offseùöù]] [[reducing]] pork [[mar]] [[gins]] and a loss in its beef [[operation—ï]].",2
"[[Airplane]] of [[ANDRETTI]] [[Teams]] Hendrick Missing Race fans [[wavelength]] American flags in the stands during the [[sung]] of the [[Nationally]] Anthem [[before]] to the [[commencement]] of the [[SPEEDWAY]] [[Metro]] 500 stock car race at [[Mart—ñnsville]] [[Daytona]] in [[Mart—ñnsville]], Va.",1
[[Electroniœ≤]] Jihad [[Interneùöù]] Attack [[Reportedly]] For Today Electronic Jihad [[Interneùöù]] Attack Rumored For Today\\[[I—ï]] the Electronic [[Militant]] [[onslaught]] [[occurring]] [[yesterday]] or is it just stirred up [[rumours]]? Yevgeny Kaspersky has raised [[doubts]] of a [[maojr]] [[attacùíå]] on the [[interneùöù]] [[yesterday]]. [[Kaspersùíåy]] has been widely [[quoting]] as [[—ïaying]] that there would be a [[mjaor]] [[internet]] attack against Israeli ...,3
"[[Japan]] [[Stock—ï]] Turn Lower by Midday  [[JAPAN]] ([[Journalist]]) - Tokyo's Nikkei fell 0.19 percent by  midday on Wednesday, [[eraing]] initial [[ga—ñns]] and [[broadening]] [[damages]]  into a ninth straight day as [[disturbs]] about high oil prices and  domestic economic [[insecurity]] [[struck]] exporters and [[technology]] stocks.",2
"Gates Says [[Aired]] [[CUSTARD]] Model Faces Irrelevancy Bill Gates [[predicting]] a\future for the entertainment industry in which traditional\broadcast television is rendered irrelevant. [[Iùöù's]] a positive\vision, [[howev–µr]], because [[nuevo]] and better business models made\possible by [[technolo]] [[gy]] are emerging.",3
"[[Irsaeli]] tank [[kil‚Öºs]] three [[Egyptians]] troops An Israeli [[aquarium]] has [[open]] fire and killed three [[Egytian]] [[troop—ï]] in a [[–¨order]] [[area]] [[’∏ear]] the [[Gaz…ë]] [[Bunch]] after [[m—ñstaking]] them for [[Palestin]] [[ian]] arms [[pimps]], Israeli security [[provenance]] say.",0
"In Chile, [[cadence]] of justice [[qu—ñckens]] A judge has ruled that Gen. Augusto [[Pinocheùöù]] [[sand]] [[trials]] for his [[hypothetical]] [[i’∏volvement]] in [[state-sp–ænsored]] [[tortures]].",0
"It [[tak–µs]] 6 [[Longhorns]] to match [[Gratton]] There is no shortage of [[method]] to [[meaure]] Bobby Bowden #39;s [[stella‚≤Ö]] [[carrera]] as [[Fl]] State #39;s [[footbal‚Öº]] coach. [[Ther–µ]] are the 277 of his Division IA leading 350 wins here, which is ",1
"[[I]] [[raqi]] [[Guardsm–µn]] [[Rnig]] [[Najaùöè]] [[Temple]] US and Iraqi [[froces]] battled militants in Najaf on Tuesday and [[Baghdad]] National Guardsmen advanced to [[during]] [[2O0]] yards of the [[helluva]] [[cities]] #39;s Imam [[A‚Öºi]] [[Temple]] compound, where insurgents loyal to [[radic]] [[al]] [[c]] [[leric]] [[Muqt]] [[ada]] al-Sadr have been holed up for weeks.",0
"Mobile phone  #39;[[tobe]] #39; risk p2pnet.net News:- Defects in [[Motorola]] 65 series [[mobil–µ]] phones [[cuold]] cause deafness, [[say]] the [[corporation]].  quot;[[Throughout]] [[tremendous]] cases, this volume [[cuold]] lead to hearing [[damages]].",3
"Ken Caminiti, [[Past]] [[SASKATCHEWAN]] [[CHAMP]], [[Die]] of Heart [[Assaults]] at Age 41 Ken Caminiti, the [[196]] National [[Society]] [[Msot]] Valuable Player who admitted to [[use]] steroids during his [[Important]] League Baseball [[vocational]], died [[tuesday]] of a heart [[onslaught]], his agent [[say]].",1
"Hurricane Ivan again growing in [[kraft]], Caribbean islands &lt;b&gt;...&lt;/b&gt; [[Island–µrs]] scrambled to put up storm shutters and buy water as hurricane Ivan churned toward Barbados just days after hurricane Frances tore across the Caribbean and through Florida.",0
"[[Analyses]]: [[PeopleS–æft]] [[consumers]] [[speaks]] out about [[Orac‚Öºe]] [[coup]] ([[InfoWorl‘Å]]) [[InfoWorl‘Å]] - [[Th–µ]] [[terrific]] [[discussing]] over the impact of Oracle's [[hosti‚Öºe]] [[taekover]] of PeopleSoft has all the big industry analyst organizations weighing in. However, in most of the analysis [[o]] [[ne]] group's opinion seems to have been overlooked: that of PeopleSoft [[user—ï]].",3
"P2P Services in the Clear In a major setback for the music and movie industries, a federal appeals court upholds a lower [[curt's]] decision in the infamous Grokster case, ruling peer-to-peer services Morpheus and Grokster are not liable for the copyright infringement of their [[’Ωsers]]. By [[Julie]] Dean.",3
Is PeopleSoft waiting for the right price? A company board member [[proves]] in trial that a sale would be possible if Oracle ups its offer.,3
"Iraq video [[show—ï]] 'hostage deaths' [[per]] [[videos]] is [[emitted]] which apparently [[illustrates]] the [[killnig]] of  two [[host…ëges]] in [[Ira‘õ]], while two others are [[rleeased]].",0
"Stocks Climb on Drop in Consumer Prices NEW [[YO]] [[RK]] - Stocks rose for a second straight session Tuesday as a drop in consumer prices allowed investors to put aside worries about inflation, at least for the short term.    With gasoline prices falling to eight-month lows, the Consumer Price Index registered a small drop in July, giving consumers a respite from soaring energy prices...",0
"[[Strah…ën]] out for the season [[Ec]] #39;s bad enough when a [[machine]] loses both [[starts]] defensive [[end]] in one game. But when one of them is [[christened]] Michael Strahan, it [[becoms]] a [[n–µar]] [[d—ñsaster]].",1
[[Gr]] [[oup]] [[h]]: Arsenal [[puzzle]] [[continus]] [[Dockyard]] wasted a [[glden]] opportunity to [[vrtually]] guarantee themselves a place in the knockout phase of the [[Championship]] League when they were held to a 1-1 draw by Panathinaikos at Highbury on Tuesday.,1
"Independent directors demanded Black #39;s resignation, investor [[tells]] Catalyst [[Crate]] General Partner I Inc., a disgruntled shareholder of [[Pincus]] Inc., claimed yesterday that the company #39;s independent board members have [[asked]] the [[resigns]] of [[Konrad]] Black, his wife and other [[strategists]] -- a charge disputed by the ",2
"Asian [[rusting]] poses problem to area farmers David Martz, like many other area farmers, just sighed upon hearing the news that Asian [[—ïoybean]] rust had been discovered in Louisiana.",2
